{
  "round": [
    1,
    2,
    3,
    4,
    5,
    6,
    7,
    8,
    9,
    10,
    11,
    12,
    13,
    14,
    15,
    16,
    17,
    18,
    19,
    20
  ],
  "acc": [
    68.81,
    79.22,
    81.17,
    82.75,
    83.68,
    84.4,
    84.99,
    85.05,
    85.47,
    85.64,
    85.66,
    86.06,
    86.06,
    86.3,
    85.94,
    86.44,
    86.47,
    86.52,
    86.53,
    86.11
  ],
  "asr": [
    12.16,
    12.53,
    12.61,
    13.54,
    16.88,
    17.15,
    19.64,
    18.64,
    19.94,
    22.62,
    20.44,
    21.77,
    25.0,
    21.37,
    20.62,
    24.69,
    29.1,
    27.44,
    27.7,
    27.23
  ],
  "benign_drop_rate": [
    0.0,
    0.0,
    0.0,
    0.0,
    0.0,
    0.0,
    0.0,
    0.0,
    0.0,
    0.0,
    0.0,
    0.0,
    0.0,
    0.0,
    0.0,
    0.0,
    0.0,
    0.0,
    0.0,
    0.0
  ],
  "server_queries": [
    8000,
    8000,
    8000,
    8000,
    8000,
    8000,
    8000,
    8000,
    8000,
    8000,
    8000,
    8000,
    8000,
    8000,
    8000,
    8000,
    8000,
    8000,
    8000,
    8000
  ],
  "t_infer_sec": [
    4.747777938842773,
    4.783706426620483,
    4.670067071914673,
    4.647698879241943,
    4.478158235549927,
    4.52537727355957,
    4.698124885559082,
    4.510897636413574,
    4.438666343688965,
    4.545008659362793,
    4.686973571777344,
    4.474045515060425,
    4.488071918487549,
    4.451090574264526,
    4.5601818561553955,
    4.468255519866943,
    4.607892990112305,
    4.487398147583008,
    4.744525194168091,
    4.481536626815796
  ],
  "t_entropy_mad_sec": [
    0.00017118453979492188,
    0.0001666545867919922,
    0.0001647472381591797,
    0.00015091896057128906,
    0.0001678466796875,
    0.00016307830810546875,
    0.0001647472381591797,
    0.0001621246337890625,
    0.000164031982421875,
    0.00016355514526367188,
    0.00016617774963378906,
    0.00016307830810546875,
    0.00016641616821289062,
    0.00016832351684570312,
    0.00014543533325195312,
    0.0001857280731201172,
    0.0001633167266845703,
    0.00016498565673828125,
    0.00016379356384277344,
    0.00016427040100097656
  ]
}