{
  "round": [
    1,
    2,
    3,
    4,
    5,
    6,
    7,
    8,
    9,
    10,
    11,
    12,
    13,
    14,
    15,
    16,
    17,
    18,
    19,
    20
  ],
  "acc": [
    8.59,
    11.5,
    14.26,
    17.04,
    19.42,
    23.27,
    27.21,
    29.93,
    33.03,
    36.31,
    39.49,
    41.09,
    43.72,
    45.99,
    48.77,
    50.0,
    52.34,
    53.87,
    54.96,
    56.23
  ],
  "asr": [
    18.58888888888889,
    40.111111111111114,
    41.577777777777776,
    40.65555555555556,
    43.75555555555555,
    38.48888888888889,
    33.7,
    34.82222222222222,
    32.477777777777774,
    28.77777777777778,
    25.855555555555554,
    27.655555555555555,
    25.644444444444446,
    24.0,
    20.211111111111112,
    20.77777777777778,
    17.92222222222222,
    17.133333333333333,
    17.655555555555555,
    17.055555555555557
  ]
}