{
  "round": [
    1,
    2,
    3,
    4,
    5,
    6,
    7,
    8,
    9,
    10,
    11,
    12,
    13,
    14,
    15,
    16,
    17,
    18,
    19,
    20
  ],
  "acc": [
    8.87,
    11.42,
    13.07,
    15.36,
    17.48,
    20.11,
    22.72,
    26.06,
    29.21,
    30.92,
    34.46,
    36.24,
    38.42,
    40.8,
    42.4,
    46.17,
    48.07,
    49.07,
    49.99,
    51.62
  ],
  "asr": [
    31.677777777777777,
    54.94444444444444,
    63.91111111111111,
    59.8,
    58.82222222222222,
    55.666666666666664,
    56.08888888888889,
    50.0,
    46.43333333333333,
    47.12222222222222,
    41.77777777777778,
    41.78888888888889,
    39.86666666666667,
    37.477777777777774,
    36.68888888888889,
    30.511111111111113,
    29.055555555555557,
    28.38888888888889,
    28.955555555555556,
    27.144444444444446
  ]
}