{
  "round": [
    1,
    2,
    3,
    4,
    5,
    6,
    7,
    8,
    9,
    10,
    11,
    12,
    13,
    14,
    15,
    16,
    17,
    18,
    19,
    20
  ],
  "acc": [
    70.89,
    77.25,
    80.18,
    82.02,
    83.05,
    83.72,
    84.35,
    84.17,
    84.43,
    85.02,
    85.29,
    85.24,
    85.48,
    85.67,
    85.84,
    85.56,
    85.83,
    85.85,
    85.78,
    86.05
  ],
  "asr": [
    8.62,
    10.58,
    10.25,
    10.05,
    10.31,
    10.08,
    10.66,
    10.19,
    9.67,
    10.18,
    9.84,
    10.18,
    10.26,
    9.76,
    10.25,
    9.38,
    9.78,
    10.67,
    10.37,
    9.8
  ],
  "benign_drop_rate": [
    0.0,
    0.0,
    0.0,
    0.0,
    0.0,
    0.0,
    0.0,
    0.0,
    0.0,
    0.0,
    0.0,
    0.0,
    0.0,
    0.0,
    0.0,
    0.0,
    0.0,
    0.0,
    0.0,
    0.0
  ],
  "server_queries": [
    8000,
    8000,
    8000,
    8000,
    8000,
    8000,
    8000,
    8000,
    8000,
    8000,
    8000,
    8000,
    8000,
    8000,
    8000,
    8000,
    8000,
    8000,
    8000,
    8000
  ],
  "t_infer_sec": [
    4.879971027374268,
    4.749710321426392,
    5.052770614624023,
    4.9404237270355225,
    4.9401514530181885,
    4.890068769454956,
    4.881974458694458,
    4.871757745742798,
    4.983243942260742,
    5.113652229309082,
    4.938507318496704,
    4.781413793563843,
    4.861370086669922,
    4.972577333450317,
    4.955396890640259,
    4.899165153503418,
    4.88921332359314,
    5.585762977600098,
    5.020399570465088,
    5.146907329559326
  ],
  "t_entropy_mad_sec": [
    0.002798318862915039,
    0.00016760826110839844,
    0.00016546249389648438,
    0.0001537799835205078,
    0.000164031982421875,
    0.00016069412231445312,
    0.0001647472381591797,
    0.0001609325408935547,
    0.0001652240753173828,
    0.00014853477478027344,
    0.00015163421630859375,
    0.0001494884490966797,
    0.0001659393310546875,
    0.00016689300537109375,
    0.00016236305236816406,
    0.00016164779663085938,
    0.00016069412231445312,
    0.0001647472381591797,
    0.00016379356384277344,
    0.00016021728515625
  ]
}