{
  "round": [
    1,
    2,
    3,
    4,
    5,
    6,
    7,
    8,
    9,
    10,
    11,
    12,
    13,
    14,
    15,
    16,
    17,
    18,
    19,
    20
  ],
  "acc": [
    70.53,
    77.31,
    80.07,
    81.47,
    82.6,
    83.29,
    84.07,
    83.91,
    84.31,
    84.46,
    84.23,
    84.55,
    84.7,
    84.34,
    84.37,
    84.65,
    84.52,
    84.55,
    84.31,
    84.54
  ],
  "asr": [
    8.08,
    9.46,
    10.79,
    10.69,
    10.48,
    10.37,
    10.22,
    10.13,
    10.35,
    11.36,
    9.95,
    11.02,
    10.23,
    10.78,
    10.26,
    11.27,
    11.21,
    10.37,
    10.32,
    10.34
  ],
  "benign_drop_rate": [
    0.0,
    0.0,
    0.0,
    0.0,
    0.0,
    0.0,
    0.0,
    0.0,
    0.0,
    0.0,
    0.0,
    0.0,
    0.0,
    0.0,
    0.0,
    0.0,
    0.0,
    0.0,
    0.0,
    0.0
  ],
  "server_queries": [
    6000,
    6000,
    6000,
    6000,
    6000,
    6000,
    6000,
    6000,
    6000,
    6000,
    6000,
    6000,
    6000,
    6000,
    6000,
    6000,
    6000,
    6000,
    6000,
    6000
  ],
  "t_infer_sec": [
    3.2282097339630127,
    3.491131544113159,
    3.5517477989196777,
    3.251884937286377,
    3.635324478149414,
    3.4800500869750977,
    3.3913753032684326,
    3.3258681297302246,
    3.2603704929351807,
    3.486722469329834,
    3.3354172706604004,
    3.3234095573425293,
    3.323375701904297,
    3.319908380508423,
    3.2547764778137207,
    3.5570225715637207,
    3.365997076034546,
    3.260429620742798,
    3.433772087097168,
    3.6222641468048096
  ],
  "t_entropy_mad_sec": [
    0.0002048015594482422,
    0.00018548965454101562,
    0.0002071857452392578,
    0.00017642974853515625,
    0.0002040863037109375,
    0.00018358230590820312,
    0.00016689300537109375,
    0.00016164779663085938,
    0.00016808509826660156,
    0.00018358230590820312,
    0.00018668174743652344,
    0.00016617774963378906,
    0.00018334388732910156,
    0.00018262863159179688,
    0.0001811981201171875,
    0.00018453598022460938,
    0.00016736984252929688,
    0.00018095970153808594,
    0.00018858909606933594,
    0.00017189979553222656
  ]
}