{
  "round": [
    1,
    2,
    3,
    4,
    5,
    6,
    7,
    8,
    9,
    10,
    11,
    12,
    13,
    14,
    15,
    16,
    17,
    18,
    19,
    20
  ],
  "acc": [
    70.89,
    77.25,
    80.19,
    82.0,
    83.03,
    83.75,
    84.37,
    84.18,
    84.41,
    85.03,
    85.26,
    85.26,
    85.47,
    85.63,
    85.87,
    85.57,
    85.81,
    85.83,
    85.77,
    86.02
  ],
  "asr": [
    8.62,
    10.58,
    10.25,
    10.04,
    10.31,
    10.08,
    10.66,
    10.21,
    9.67,
    10.17,
    9.85,
    10.15,
    10.25,
    9.77,
    10.25,
    9.38,
    9.78,
    10.66,
    10.36,
    9.77
  ],
  "benign_drop_rate": [
    0.0,
    0.0,
    0.0,
    0.0,
    0.0,
    0.0,
    0.0,
    0.0,
    0.0,
    0.0,
    0.0,
    0.0,
    0.0,
    0.0,
    0.0,
    0.0,
    0.0,
    0.0,
    0.0,
    0.0
  ],
  "server_queries": [
    8000,
    8000,
    8000,
    8000,
    8000,
    8000,
    8000,
    8000,
    8000,
    8000,
    8000,
    8000,
    8000,
    8000,
    8000,
    8000,
    8000,
    8000,
    8000,
    8000
  ],
  "t_infer_sec": [
    4.240149974822998,
    4.271035194396973,
    4.300076007843018,
    4.283755540847778,
    4.4296510219573975,
    4.2881104946136475,
    4.278529644012451,
    4.333199739456177,
    4.267498016357422,
    4.385613918304443,
    4.478741645812988,
    4.295143365859985,
    4.76665472984314,
    4.379746198654175,
    4.363692760467529,
    4.681265354156494,
    4.4491190910339355,
    4.3817970752716064,
    4.3729212284088135,
    4.399729490280151
  ],
  "t_entropy_mad_sec": [
    0.0002086162567138672,
    0.00016927719116210938,
    0.00018143653869628906,
    0.00018644332885742188,
    0.00018310546875,
    0.00018453598022460938,
    0.00018286705017089844,
    0.00017690658569335938,
    0.00018167495727539062,
    0.00018596649169921875,
    0.00018286705017089844,
    0.00018167495727539062,
    0.0001862049102783203,
    0.00018405914306640625,
    0.0001780986785888672,
    0.00017881393432617188,
    0.00016736984252929688,
    0.00016689300537109375,
    0.0001652240753173828,
    0.00018405914306640625
  ]
}