{
  "round": [
    1,
    2,
    3,
    4,
    5,
    6,
    7,
    8,
    9,
    10,
    11,
    12,
    13,
    14,
    15,
    16,
    17,
    18,
    19,
    20
  ],
  "acc": [
    64.05,
    79.59,
    80.97,
    82.9,
    83.9,
    84.42,
    84.92,
    85.26,
    85.49,
    85.72,
    85.61,
    86.02,
    85.84,
    86.27,
    86.08,
    86.51,
    86.11,
    86.44,
    86.48,
    85.86
  ],
  "asr": [
    78.71,
    28.32,
    36.51,
    33.05,
    45.33,
    46.05,
    52.95,
    51.09,
    56.33,
    59.95,
    54.98,
    56.99,
    58.97,
    53.1,
    51.33,
    59.03,
    64.3,
    59.8,
    59.64,
    59.05
  ],
  "benign_drop_rate": [
    0.0,
    0.0,
    0.5,
    0.0,
    0.0,
    0.0,
    0.0,
    0.0,
    0.0,
    0.0,
    0.0,
    0.0,
    0.0,
    0.0,
    0.0,
    0.0,
    0.0,
    0.0,
    0.0,
    0.0
  ],
  "server_queries": [
    8000,
    8000,
    8000,
    8000,
    8000,
    8000,
    8000,
    8000,
    8000,
    8000,
    8000,
    8000,
    8000,
    8000,
    8000,
    8000,
    8000,
    8000,
    8000,
    8000
  ],
  "t_infer_sec": [
    5.514991521835327,
    5.169840574264526,
    4.998805522918701,
    5.032626152038574,
    5.102683067321777,
    5.116097927093506,
    4.940155744552612,
    5.028937816619873,
    4.860446214675903,
    5.147273540496826,
    5.101122617721558,
    5.286396741867065,
    5.21948504447937,
    5.520219564437866,
    5.093305826187134,
    5.3559181690216064,
    145.63569736480713,
    59.193575382232666,
    110.053151845932,
    121.32702136039734
  ],
  "t_entropy_mad_sec": [
    0.00016736984252929688,
    0.00016927719116210938,
    0.00015282630920410156,
    0.00014257431030273438,
    0.0001480579376220703,
    0.0001494884490966797,
    0.00015664100646972656,
    0.0001735687255859375,
    0.0001544952392578125,
    0.0001842975616455078,
    0.0001552104949951172,
    0.0001571178436279297,
    0.0001468658447265625,
    0.00015163421630859375,
    0.0001747608184814453,
    0.00014543533325195312,
    0.00017762184143066406,
    0.00015997886657714844,
    0.00020360946655273438,
    0.00024771690368652344
  ]
}