{
  "round": [
    1,
    2,
    3,
    4,
    5,
    6,
    7,
    8,
    9,
    10,
    11,
    12,
    13,
    14,
    15,
    16,
    17,
    18,
    19,
    20
  ],
  "acc": [
    8.87,
    11.42,
    13.06,
    15.36,
    17.48,
    20.11,
    22.71,
    26.06,
    29.21,
    30.91,
    34.46,
    36.21,
    38.43,
    40.8,
    42.39,
    46.17,
    48.06,
    49.07,
    50.0,
    51.62
  ],
  "asr": [
    31.677777777777777,
    54.93333333333333,
    63.9,
    59.8,
    58.855555555555554,
    55.666666666666664,
    56.08888888888889,
    50.0,
    46.422222222222224,
    47.111111111111114,
    41.77777777777778,
    41.78888888888889,
    39.86666666666667,
    37.477777777777774,
    36.68888888888889,
    30.5,
    29.055555555555557,
    28.4,
    28.955555555555556,
    27.144444444444446
  ]
}