{
  "round": [
    1,
    2,
    3,
    4,
    5,
    6,
    7,
    8,
    9,
    10,
    11,
    12,
    13,
    14,
    15,
    16,
    17,
    18,
    19,
    20
  ],
  "acc": [
    66.9,
    75.0,
    78.14,
    79.01,
    82.2,
    83.9,
    84.49,
    84.33,
    84.88,
    85.11,
    85.68,
    85.39,
    85.95,
    85.47,
    86.07,
    86.26,
    86.25,
    86.31,
    86.29,
    86.26
  ],
  "asr": [
    21.72,
    17.34,
    16.73,
    17.26,
    13.36,
    10.54,
    10.81,
    10.38,
    10.5,
    10.66,
    10.06,
    10.2,
    10.55,
    10.2,
    10.49,
    9.87,
    9.91,
    10.88,
    10.35,
    9.84
  ],
  "benign_drop_rate": [
    0.0,
    0.5,
    0.5,
    0.5,
    0.0,
    0.0,
    0.0,
    0.5,
    0.0,
    0.5,
    0.0,
    0.0,
    0.0,
    0.0,
    0.0,
    0.0,
    0.0,
    0.0,
    0.0,
    0.0
  ],
  "server_queries": [
    8000,
    8000,
    8000,
    8000,
    8000,
    8000,
    8000,
    8000,
    8000,
    8000,
    8000,
    8000,
    8000,
    8000,
    8000,
    8000,
    8000,
    8000,
    8000,
    8000
  ],
  "t_infer_sec": [
    4.037753105163574,
    3.9559617042541504,
    4.1728081703186035,
    3.9372012615203857,
    3.91005539894104,
    3.985079526901245,
    3.854456901550293,
    3.947549819946289,
    4.138199806213379,
    3.9779469966888428,
    4.06302809715271,
    3.9079246520996094,
    3.909842014312744,
    3.902684211730957,
    3.9319915771484375,
    3.986375093460083,
    3.9357504844665527,
    4.0367820262908936,
    3.993772029876709,
    4.043124675750732
  ],
  "t_entropy_mad_sec": [
    0.004359722137451172,
    0.0001506805419921875,
    0.0001697540283203125,
    0.0001583099365234375,
    0.00015354156494140625,
    0.00016927719116210938,
    0.00017309188842773438,
    0.00017142295837402344,
    0.00016760826110839844,
    0.00016641616821289062,
    0.00015401840209960938,
    0.00015044212341308594,
    0.00016617774963378906,
    0.00018215179443359375,
    0.0001685619354248047,
    0.00014972686767578125,
    0.0001633167266845703,
    0.0001678466796875,
    0.00016617774963378906,
    0.00022602081298828125
  ]
}