{
  "round": [
    1,
    2,
    3,
    4,
    5,
    6,
    7,
    8,
    9,
    10,
    11,
    12,
    13,
    14,
    15,
    16,
    17,
    18,
    19,
    20
  ],
  "acc": [
    68.81,
    79.22,
    81.17,
    82.75,
    83.7,
    84.32,
    85.02,
    85.03,
    85.45,
    85.65,
    85.61,
    86.05,
    86.06,
    86.29,
    85.97,
    86.44,
    86.46,
    86.54,
    86.52,
    86.09
  ],
  "asr": [
    4.555555555555555,
    4.0,
    3.8777777777777778,
    4.644444444444445,
    8.011111111111111,
    8.322222222222223,
    10.877777777777778,
    9.922222222222222,
    11.3,
    14.266666666666667,
    11.844444444444445,
    13.28888888888889,
    16.822222222222223,
    12.944444444444445,
    12.122222222222222,
    16.566666666666666,
    21.544444444444444,
    19.711111111111112,
    19.822222222222223,
    19.355555555555554
  ],
  "benign_drop_rate": [
    0.0,
    0.0,
    0.0,
    0.0,
    0.0,
    0.0,
    0.0,
    0.0,
    0.0,
    0.0,
    0.0,
    0.0,
    0.0,
    0.0,
    0.0,
    0.0,
    0.0,
    0.0,
    0.0,
    0.0
  ],
  "server_queries": [
    8000,
    8000,
    8000,
    8000,
    8000,
    8000,
    8000,
    8000,
    8000,
    8000,
    8000,
    8000,
    8000,
    8000,
    8000,
    8000,
    8000,
    8000,
    8000,
    8000
  ],
  "t_infer_sec": [
    4.475734710693359,
    4.510991811752319,
    4.423872709274292,
    4.382832765579224,
    4.528440237045288,
    4.377220153808594,
    4.357340574264526,
    4.431800842285156,
    4.482145547866821,
    4.45396089553833,
    4.5747857093811035,
    4.514768838882446,
    4.474523305892944,
    4.514091491699219,
    4.53961443901062,
    4.635836362838745,
    4.4068603515625,
    4.446149587631226,
    4.505368709564209,
    4.537393093109131
  ],
  "t_entropy_mad_sec": [
    0.00018024444580078125,
    0.0001678466796875,
    0.00017547607421875,
    0.0001773834228515625,
    0.00017690658569335938,
    0.0001785755157470703,
    0.00016307830810546875,
    0.00017905235290527344,
    0.00017833709716796875,
    0.0001804828643798828,
    0.00017976760864257812,
    0.00017881393432617188,
    0.00017976760864257812,
    0.00018024444580078125,
    0.00018596649169921875,
    0.000179290771484375,
    0.00018072128295898438,
    0.00015974044799804688,
    0.0001857280731201172,
    0.0001785755157470703
  ]
}