{
  "round": [
    1,
    2,
    3,
    4,
    5,
    6,
    7,
    8,
    9,
    10,
    11,
    12,
    13,
    14,
    15,
    16,
    17,
    18,
    19,
    20
  ],
  "acc": [
    69.14,
    79.61,
    82.26,
    83.42,
    84.19,
    84.78,
    85.25,
    85.32,
    86.07,
    86.37,
    86.59,
    86.73,
    86.93,
    86.82,
    86.8,
    87.18,
    86.97,
    87.17,
    87.12,
    87.15
  ],
  "asr": [
    18.87,
    13.09,
    14.34,
    13.07,
    13.75,
    13.97,
    12.93,
    13.0,
    13.53,
    14.21,
    13.01,
    12.41,
    12.9,
    12.83,
    13.87,
    14.11,
    13.33,
    13.48,
    13.64,
    12.96
  ],
  "benign_drop_rate": [
    0.14285714285714285,
    0.0,
    0.0,
    0.14285714285714285,
    0.14285714285714285,
    0.0,
    0.0,
    0.0,
    0.0,
    0.0,
    0.14285714285714285,
    0.0,
    0.0,
    0.0,
    0.0,
    0.0,
    0.0,
    0.0,
    0.0,
    0.0
  ],
  "server_queries": [
    6000,
    6000,
    6000,
    6000,
    6000,
    6000,
    6000,
    6000,
    6000,
    6000,
    6000,
    6000,
    6000,
    6000,
    6000,
    6000,
    6000,
    6000,
    6000,
    6000
  ],
  "t_infer_sec": [
    12.369856834411621,
    11.192375659942627,
    11.075059413909912,
    11.380255699157715,
    12.9312584400177,
    11.550818920135498,
    11.249971151351929,
    10.850950002670288,
    11.025275230407715,
    11.115679025650024,
    11.196819067001343,
    10.986509561538696,
    10.990460395812988,
    10.900185585021973,
    10.995790481567383,
    11.251997470855713,
    11.071154356002808,
    11.025020599365234,
    11.998849153518677,
    10.992546796798706
  ],
  "t_entropy_mad_sec": [
    0.0001723766326904297,
    0.0001900196075439453,
    0.00018978118896484375,
    0.00017404556274414062,
    0.00016808509826660156,
    0.00018286705017089844,
    0.00018405914306640625,
    0.00018525123596191406,
    0.00017881393432617188,
    0.00018787384033203125,
    0.00018286705017089844,
    0.00018143653869628906,
    0.00018143653869628906,
    0.00018835067749023438,
    0.00019049644470214844,
    0.00018715858459472656,
    0.00018644332885742188,
    0.00017547607421875,
    0.00018548965454101562,
    0.00019288063049316406
  ]
}