{
  "round": [
    1,
    2,
    3,
    4,
    5,
    6,
    7,
    8,
    9,
    10,
    11,
    12,
    13,
    14,
    15,
    16,
    17,
    18,
    19,
    20
  ],
  "acc": [
    67.55,
    74.86,
    78.04,
    80.14,
    81.45,
    82.24,
    83.11,
    83.5,
    84.03,
    84.38,
    84.85,
    85.16,
    85.44,
    85.63,
    85.84,
    86.12,
    86.23,
    86.39,
    86.48,
    86.6
  ],
  "asr": [
    10.65,
    10.14,
    9.98,
    10.06,
    10.01,
    10.2,
    10.31,
    10.14,
    10.23,
    10.22,
    10.11,
    9.79,
    9.99,
    9.94,
    10.07,
    10.01,
    10.2,
    10.11,
    9.83,
    10.17
  ],
  "benign_drop_rate": [
    0.0,
    0.0,
    0.5,
    0.5,
    0.0,
    0.0,
    0.0,
    0.0,
    0.0,
    0.0,
    0.0,
    0.5,
    0.5,
    0.0,
    0.0,
    0.5,
    0.0,
    0.0,
    0.0,
    0.0
  ],
  "server_queries": [
    8000,
    8000,
    8000,
    8000,
    8000,
    8000,
    8000,
    8000,
    8000,
    8000,
    8000,
    8000,
    8000,
    8000,
    8000,
    8000,
    8000,
    8000,
    8000,
    8000
  ],
  "t_infer_sec": [
    3.7645885944366455,
    3.827934503555298,
    3.9543752670288086,
    3.7679874897003174,
    3.841963529586792,
    3.7888264656066895,
    3.726607084274292,
    3.7445240020751953,
    3.8303303718566895,
    3.8315582275390625,
    3.9231019020080566,
    3.9206185340881348,
    3.906751871109009,
    3.877004384994507,
    3.8310470581054688,
    3.7815792560577393,
    3.8745861053466797,
    3.892874240875244,
    4.155155420303345,
    3.9423999786376953
  ],
  "t_entropy_mad_sec": [
    5.936622619628906e-05,
    5.3882598876953125e-05,
    5.14984130859375e-05,
    5.078315734863281e-05,
    0.000102996826171875,
    5.125999450683594e-05,
    5.054473876953125e-05,
    5.435943603515625e-05,
    5.125999450683594e-05,
    5.269050598144531e-05,
    5.269050598144531e-05,
    5.7697296142578125e-05,
    6.365776062011719e-05,
    4.9591064453125e-05,
    5.054473876953125e-05,
    5.245208740234375e-05,
    8.130073547363281e-05,
    5.173683166503906e-05,
    7.176399230957031e-05,
    5.1021575927734375e-05
  ]
}