{
  "round": [
    1,
    2,
    3,
    4,
    5,
    6,
    7,
    8,
    9,
    10,
    11,
    12,
    13,
    14,
    15,
    16,
    17,
    18,
    19,
    20
  ],
  "acc": [
    67.73,
    75.32,
    78.28,
    80.02,
    81.49,
    82.16,
    83.07,
    83.29,
    84.04,
    84.27,
    84.61,
    84.82,
    85.01,
    85.41,
    85.48,
    85.7,
    85.8,
    86.1,
    86.16,
    86.17
  ],
  "asr": [
    10.34,
    10.09,
    9.96,
    10.13,
    10.16,
    9.92,
    10.03,
    9.86,
    9.84,
    9.83,
    9.91,
    10.07,
    10.21,
    9.9,
    10.01,
    10.08,
    10.09,
    10.14,
    9.95,
    9.92
  ],
  "benign_drop_rate": [
    0.0,
    0.0,
    0.0,
    0.0,
    0.0,
    0.0,
    0.0,
    0.0,
    0.0,
    0.5,
    0.0,
    0.0,
    0.0,
    0.5,
    0.5,
    0.0,
    0.0,
    0.0,
    0.5,
    0.0
  ],
  "server_queries": [
    6000,
    6000,
    6000,
    6000,
    6000,
    6000,
    6000,
    6000,
    6000,
    6000,
    6000,
    6000,
    6000,
    6000,
    6000,
    6000,
    6000,
    6000,
    6000,
    6000
  ],
  "t_infer_sec": [
    2.9103591442108154,
    2.8435633182525635,
    2.8186469078063965,
    2.769014358520508,
    2.8695340156555176,
    2.846313714981079,
    2.807647705078125,
    2.848010540008545,
    2.872714042663574,
    2.793583869934082,
    2.8256969451904297,
    2.8034896850585938,
    2.841705322265625,
    2.7707128524780273,
    2.78602933883667,
    2.7833669185638428,
    2.755321741104126,
    2.8247976303100586,
    2.8622829914093018,
    2.8037030696868896
  ],
  "t_entropy_mad_sec": [
    5.817413330078125e-05,
    5.793571472167969e-05,
    4.863739013671875e-05,
    4.76837158203125e-05,
    5.435943603515625e-05,
    5.0067901611328125e-05,
    4.76837158203125e-05,
    5.0067901611328125e-05,
    5.936622619628906e-05,
    5.0067901611328125e-05,
    5.078315734863281e-05,
    5.984306335449219e-05,
    5.459785461425781e-05,
    4.935264587402344e-05,
    4.982948303222656e-05,
    5.125999450683594e-05,
    5.412101745605469e-05,
    5.054473876953125e-05,
    4.9591064453125e-05,
    6.29425048828125e-05
  ]
}