{
  "round": [
    1,
    2,
    3,
    4,
    5,
    6,
    7,
    8,
    9,
    10,
    11,
    12,
    13,
    14,
    15,
    16,
    17,
    18,
    19,
    20
  ],
  "acc": [
    8.87,
    11.42,
    13.06,
    15.36,
    17.47,
    20.12,
    22.71,
    26.06,
    29.21,
    30.92,
    34.47,
    36.23,
    38.41,
    40.8,
    42.41,
    46.17,
    48.07,
    49.07,
    50.01,
    51.62
  ],
  "asr": [
    31.677777777777777,
    54.93333333333333,
    63.888888888888886,
    59.81111111111111,
    58.833333333333336,
    55.65555555555556,
    56.08888888888889,
    50.0,
    46.43333333333333,
    47.12222222222222,
    41.77777777777778,
    41.8,
    39.86666666666667,
    37.477777777777774,
    36.68888888888889,
    30.511111111111113,
    29.055555555555557,
    28.4,
    28.955555555555556,
    27.144444444444446
  ]
}